{
  "feature_cols": [
    "NDVI",
    "NDWI",
    "NDBI",
    "Albedo",
    "MNDWI",
    "city_encoded"
  ],
  "base_feature_cols": [
    "NDVI",
    "NDWI",
    "NDBI",
    "Albedo",
    "MNDWI"
  ],
  "target_col": "LST",
  "rmse": 1.9303045694924805,
  "r2": 0.7128998597657463,
  "n_samples": 16810,
  "n_features": 6,
  "feature_stats": {
    "NDVI": {
      "min": -0.6745750495525261,
      "max": 0.8392426512119056,
      "mean": 0.3211897222117091,
      "std": 0.18503691623015797,
      "q25": 0.22015540902362973,
      "q75": 0.43660243087026523
    },
    "NDWI": {
      "min": -0.7655249840083199,
      "max": 0.7806566535767786,
      "mean": -0.34722899664652274,
      "std": 0.180293588237365,
      "q25": -0.45987486429444924,
      "q75": -0.2793598618114361
    },
    "NDBI": {
      "min": -0.4952399418322832,
      "max": 0.5273484497917634,
      "mean": -0.04789335221801208,
      "std": 0.11141546426831939,
      "q25": -0.1037496460964787,
      "q75": 0.028621843294344924
    },
    "Albedo": {
      "min": -0.00498140125,
      "max": 0.4017564275,
      "mean": 0.1389928024056365,
      "std": 0.040314380807973796,
      "q25": 0.12187577562499993,
      "q75": 0.16443855000000002
    },
    "MNDWI": {
      "min": -0.5760212113679676,
      "max": 0.638865155000548,
      "mean": -0.3070137578319048,
      "std": 0.1980652207353917,
      "q25": -0.41525420774702543,
      "q75": -0.2736555086134561
    },
    "city_encoded": {
      "min": 0.0,
      "max": 3.0,
      "mean": 1.508982748364069,
      "std": 1.029724899828019,
      "q25": 1.0,
      "q75": 2.0
    },
    "LST": {
      "min": 28.22874962000003,
      "max": 55.01235434,
      "mean": 40.47443751587093,
      "std": 3.7925283649069086,
      "q25": 38.92373420000001,
      "q75": 42.77413373000002
    },
    "Air_Temp": {
      "min": 27.6739966949682,
      "max": 31.60713967445224,
      "mean": 29.67888060462323,
      "std": 1.2921411577091113
    }
  },
  "city_feature_stats": {
    "Hyderabad": {
      "NDVI": {
        "min": -0.123016705109387,
        "max": 0.8237020112437244,
        "mean": 0.3527606197158193,
        "std": 0.13587084479974504
      },
      "NDWI": {
        "min": -0.741664887028574,
        "max": 0.1826560692563157,
        "mean": -0.3921923782446487,
        "std": 0.12714622668937495
      },
      "NDBI": {
        "min": -0.4948687667204935,
        "max": 0.2539465223184824,
        "mean": -0.018162248755221003,
        "std": 0.09333244599625896
      },
      "Albedo": {
        "min": 0.0115906487499999,
        "max": 0.381976915,
        "mean": 0.1476768415080516,
        "std": 0.029180285445892563
      },
      "MNDWI": {
        "min": -0.5664477173513932,
        "max": 0.5092581735227965,
        "mean": -0.3775190799919506,
        "std": 0.13862289995369714
      },
      "Air_Temp": {
        "min": 27.6739966949682,
        "max": 28.52446820431152,
        "mean": 28.135083946924954,
        "std": 0.1883007062746816
      }
    },
    "Delhi": {
      "NDVI": {
        "min": 0.057128372249172,
        "max": 0.6904863654313241,
        "mean": 0.2906200400171766,
        "std": 0.10987363723893932
      },
      "NDWI": {
        "min": -0.6276768344926547,
        "max": -0.0396981422833087,
        "mean": -0.3286476517269315,
        "std": 0.08514493668409501
      },
      "NDBI": {
        "min": -0.4133596577821652,
        "max": 0.1502976756210129,
        "mean": -0.027919545462612654,
        "std": 0.07918838443618484
      },
      "Albedo": {
        "min": 0.0475682525,
        "max": 0.4017564275,
        "mean": 0.15829373899799998,
        "std": 0.02296161333495461
      },
      "MNDWI": {
        "min": -0.4816386951791543,
        "max": 0.2004504344993166,
        "mean": -0.30475486429877985,
        "std": 0.06747094931266483
      },
      "Air_Temp": {
        "min": 30.70883629136904,
        "max": 31.60713967445224,
        "mean": 31.122514292525267,
        "std": 0.21514676990195727
      }
    },
    "Mumbai": {
      "NDVI": {
        "min": -0.6745750495525261,
        "max": 0.7383773239045801,
        "mean": 0.2288685433892095,
        "std": 0.2705848199034248
      },
      "NDWI": {
        "min": -0.6793521083285272,
        "max": 0.7806566535767786,
        "mean": -0.2407980573495722,
        "std": 0.2757723534006174
      },
      "NDBI": {
        "min": -0.4908641721138504,
        "max": 0.5273484497917634,
        "mean": -0.08668806178107193,
        "std": 0.15175242776172343
      },
      "Albedo": {
        "min": -0.00114269,
        "max": 0.18001246,
        "mean": 0.09084873527886282,
        "std": 0.034117159755573084
      },
      "MNDWI": {
        "min": -0.5341301022113679,
        "max": 0.638865155000548,
        "mean": -0.16430154545016762,
        "std": 0.3173014001147463
      },
      "Air_Temp": {
        "min": 28.628337788781263,
        "max": 29.323228715967275,
        "mean": 28.90124709566821,
        "std": 0.21065039649686834
      }
    },
    "Chennai": {
      "NDVI": {
        "min": -0.1079417321874809,
        "max": 0.8392426512119056,
        "mean": 0.41480745346660486,
        "std": 0.17389558385202744
      },
      "NDWI": {
        "min": -0.7655249840083199,
        "max": 0.3754398311048557,
        "mean": -0.4175598777789179,
        "std": 0.1718223481102969
      },
      "NDBI": {
        "min": -0.4952399418322832,
        "max": 0.1799571489291569,
        "mean": -0.08199776465841592,
        "std": 0.107403637887823
      },
      "Albedo": {
        "min": -0.00498140125,
        "max": 0.394093525,
        "mean": 0.1468824302909836,
        "std": 0.04210799486823698
      },
      "MNDWI": {
        "min": -0.5760212113679676,
        "max": 0.3704010881465017,
        "mean": -0.3523347021475052,
        "std": 0.1643637298834819
      },
      "Air_Temp": {
        "min": 30.2870756903572,
        "max": 30.818702226955622,
        "mean": 30.628738267595516,
        "std": 0.1238545841538024
      }
    }
  },
  "city_encoding": {
    "Chennai": 0,
    "Delhi": 1,
    "Hyderabad": 2,
    "Mumbai": 3
  },
  "cities": [
    "Chennai",
    "Delhi",
    "Hyderabad",
    "Mumbai"
  ],
  "split_method": "spatial_block_per_city_stratified"
}