{
  "city": "Chennai",
  "years": [
    2017,
    2019,
    2021,
    2023,
    2025
  ],
  "mean_lst": [
    37.61865930454516,
    41.40341889983216,
    37.862051972950916,
    38.57032439423459,
    38.77951999297819
  ],
  "slope": -0.0256,
  "intercept": 90.52,
  "r_squared": 0.0029,
  "p_value": 0.931761
}