{
  "city": "Hyderabad",
  "years": [
    2017,
    2019,
    2021,
    2023,
    2025
  ],
  "mean_lst": [
    45.7294416370092,
    45.187657934954444,
    43.6042774250286,
    42.86211465562636,
    41.72415461572957
  ],
  "slope": -0.5168058660943678,
  "intercept": 1088.2861846303872,
  "r_squared": 0.9825661181615125,
  "p_value": 0.0009821252307370175
}