{
  "city": "Delhi",
  "years": [
    2017,
    2019,
    2021,
    2023,
    2025
  ],
  "mean_lst": [
    45.51716848705672,
    47.43746131054551,
    40.777315752421,
    41.66376750870039,
    41.07350890749701
  ],
  "slope": -0.7331,
  "intercept": 1524.79,
  "r_squared": 0.5965,
  "p_value": 0.125838
}