{
  "city": "Hyderabad",
  "years": [
    2017,
    2019,
    2021,
    2023,
    2025
  ],
  "mean_lst": [
    45.7294416370092,
    45.187657934954444,
    43.6042774250286,
    43.58646003264946,
    40.87724321745325
  ],
  "slope": -0.5653,
  "intercept": 1186.23,
  "r_squared": 0.8954,
  "p_value": 0.014834
}