year,mean_lst,trend_line
2017,37.6,38.72500000000002
2019,39.5,38.325000000000045
2023,38.5,37.525000000000034
2025,36.1,37.12500000000006
