{
  "city": "Mumbai",
  "years": [
    2017,
    2019,
    2023,
    2025
  ],
  "mean_lst": [
    37.6,
    39.5,
    38.5,
    36.1
  ],
  "slope": -0.2,
  "intercept": 442.12500000000006,
  "r_squared": 0.2561024409763908,
  "p_value": 0.4939343511199453
}